-- phpMyAdmin SQL Dump
-- version 4.4.15.10
-- https://www.phpmyadmin.net
--
-- Host: localhost
-- Generation Time: 2024-05-30 22:40:38
-- 服务器版本： 5.5.62-log
-- PHP Version: 5.6.40

SET SQL_MODE = "NO_AUTO_VALUE_ON_ZERO";
SET time_zone = "+00:00";


/*!40101 SET @OLD_CHARACTER_SET_CLIENT=@@CHARACTER_SET_CLIENT */;
/*!40101 SET @OLD_CHARACTER_SET_RESULTS=@@CHARACTER_SET_RESULTS */;
/*!40101 SET @OLD_COLLATION_CONNECTION=@@COLLATION_CONNECTION */;
/*!40101 SET NAMES utf8mb4 */;

--
-- Database: `dtlab`
--

-- --------------------------------------------------------

--
-- 表的结构 `access_log`
--

CREATE TABLE IF NOT EXISTS `access_log` (
  `id` int(11) NOT NULL,
  `member_id` int(11) NOT NULL COMMENT '成员id',
  `direction` varchar(255) NOT NULL COMMENT '进出方向（in、out）',
  `time` datetime NOT NULL COMMENT '进出时间',
  `cleared` int(11) NOT NULL DEFAULT '0' COMMENT '删除标志'
) ENGINE=InnoDB AUTO_INCREMENT=9 DEFAULT CHARSET=utf8;

--
-- 转存表中的数据 `access_log`
--

INSERT INTO `access_log` (`id`, `member_id`, `direction`, `time`, `cleared`) VALUES
(1, 18, '0', '2023-03-24 16:04:44', 0),
(2, 18, '0', '2023-03-24 16:04:44', 0),
(3, 18, '1', '2023-03-24 16:43:18', 0),
(4, 18, '0', '2023-04-07 16:43:46', 0),
(5, 18, '0', '2023-04-09 19:16:40', 0),
(6, 18, '0', '2023-04-10 19:16:57', 0),
(7, 18, '0', '2023-04-18 19:17:08', 0),
(8, 18, '0', '2023-04-22 19:17:20', 0);

-- --------------------------------------------------------

--
-- 表的结构 `device`
--

CREATE TABLE IF NOT EXISTS `device` (
  `device_id` int(11) NOT NULL,
  `device_name` varchar(255) DEFAULT NULL,
  `type` int(11) DEFAULT NULL COMMENT '0-空调；1-电灯；3-窗帘；4-显示器',
  `create_time` datetime DEFAULT NULL,
  `change_time` datetime DEFAULT NULL
) ENGINE=InnoDB AUTO_INCREMENT=31 DEFAULT CHARSET=utf8;

--
-- 转存表中的数据 `device`
--

INSERT INTO `device` (`device_id`, `device_name`, `type`, `create_time`, `change_time`) VALUES
(1, 'AirCondition000', 1, '2022-11-23 21:50:53', '2022-11-23 21:53:42'),
(2, 'AirCondition001', 1, '2022-11-23 21:50:57', '2022-11-23 21:53:45'),
(3, 'Light1', 2, '2022-11-29 18:40:47', '2022-11-29 18:40:50'),
(4, 'Light2', 2, '2022-11-29 18:40:59', '2022-11-29 18:41:01'),
(5, 'Light3', 2, '2022-11-29 18:41:39', '2022-11-29 18:41:42'),
(6, 'Monitor000', 3, '2022-12-14 23:08:53', '2022-12-14 23:08:53'),
(7, 'Monitor001', 3, '2022-12-14 23:11:41', '2022-12-14 23:11:41'),
(8, 'Monitor002', 3, '2022-12-14 23:11:41', '2022-12-14 23:11:41'),
(9, 'Monitor003', 3, '2022-12-14 23:11:41', '2022-12-14 23:11:41'),
(10, 'Monitor004', 3, '2022-12-14 23:11:41', '2022-12-14 23:11:41'),
(11, 'Monitor005', 3, '2022-12-14 23:11:41', '2022-12-14 23:11:41'),
(12, 'Monitor006', 3, '2022-12-14 23:11:42', '2022-12-14 23:11:42'),
(13, 'Monitor007', 3, '2022-12-14 23:11:42', '2022-12-14 23:11:42'),
(14, 'Monitor008', 3, '2022-12-14 23:11:42', '2022-12-14 23:11:42'),
(15, 'Monitor009', 3, '2022-12-14 23:11:42', '2022-12-14 23:11:42'),
(16, 'Monitor010', 3, '2022-12-14 23:11:42', '2022-12-14 23:11:42'),
(17, 'Monitor011', 3, '2022-12-14 23:11:42', '2022-12-14 23:11:42'),
(18, 'Monitor012', 3, '2022-12-14 23:11:42', '2022-12-14 23:11:42'),
(19, 'Monitor013', 3, '2022-12-14 23:11:42', '2022-12-14 23:11:42'),
(20, 'Monitor014', 3, '2022-12-14 23:11:42', '2022-12-14 23:11:42'),
(21, 'Monitor015', 3, '2022-12-14 23:11:42', '2022-12-14 23:11:42'),
(22, 'Monitor016', 3, '2022-12-14 23:11:43', '2022-12-14 23:11:43'),
(23, 'Monitor017', 3, '2022-12-14 23:11:43', '2022-12-14 23:11:43'),
(24, 'Monitor018', 3, '2022-12-14 23:11:43', '2022-12-14 23:11:43'),
(25, 'Monitor019', 3, '2022-12-14 23:11:43', '2022-12-14 23:11:43'),
(26, 'Monitor020', 3, '2022-12-14 23:11:43', '2022-12-14 23:11:43'),
(27, 'Monitor021', 3, '2022-12-14 23:11:43', '2022-12-14 23:11:43'),
(28, 'Monitor022', 3, '2022-12-14 23:11:43', '2022-12-14 23:11:43'),
(29, 'Monitor023', 3, '2022-12-14 23:11:43', '2022-12-14 23:11:43'),
(30, 'Monitor024', 3, '2022-12-14 23:11:43', '2022-12-14 23:11:43');

-- --------------------------------------------------------

--
-- 表的结构 `device_log`
--

CREATE TABLE IF NOT EXISTS `device_log` (
  `id` int(11) NOT NULL,
  `device_name` varchar(255) NOT NULL,
  `device_id` int(11) NOT NULL,
  `operation` varchar(100) NOT NULL,
  `old_value` varchar(100) DEFAULT NULL,
  `new_value` varchar(100) DEFAULT NULL,
  `changeDate` datetime DEFAULT NULL,
  `operator_id` int(255) DEFAULT NULL,
  `cleared` int(5) DEFAULT '0' COMMENT '该日志是否被清空'
) ENGINE=InnoDB AUTO_INCREMENT=23 DEFAULT CHARSET=utf8;

--
-- 转存表中的数据 `device_log`
--

INSERT INTO `device_log` (`id`, `device_name`, `device_id`, `operation`, `old_value`, `new_value`, `changeDate`, `operator_id`, `cleared`) VALUES
(1, 'AirCondition000', 1, 'mode', '0', '1', '2022-11-23 22:17:24', 1001, 0),
(2, 'AirCondition001', 2, 'power', '1', '0', '2022-11-23 22:17:56', 1001, 0),
(3, 'AicCondition001', 2, 'power', '1 ', '0', '2022-09-30 21:58:20', 1001, 1),
(4, 'Light2', 4, 'switch', '0', '1', '2022-12-28 17:31:15', 14, 0),
(5, 'Light2', 4, 'switch', '0', '1', '2022-12-29 15:55:02', 14, 0),
(6, 'Light2', 4, 'switch', '0', '1', '2023-03-01 17:29:59', 14, 0),
(7, 'Light2', 4, 'switch', '0', '1', '2023-03-01 17:30:01', 14, 0),
(8, 'Light3', 5, 'switch', '1', '0', '2023-03-17 16:29:42', 67, 0),
(9, 'Light3', 5, 'switch', '1', '0', '2023-03-17 16:29:43', 67, 0),
(10, 'Light2', 4, 'switch', '0', '1', '2023-05-10 11:57:43', 67, 0),
(11, 'Light2', 4, 'switch', '0', '1', '2023-05-10 11:57:44', 67, 0),
(12, 'Light3', 5, 'switch', '1', '0', '2023-05-10 12:11:33', 67, 0),
(13, 'Light3', 5, 'switch', '1', '0', '2023-05-10 12:26:31', 67, 0),
(14, 'Light2', 4, 'switch', '0', '1', '2023-05-18 17:22:43', 67, 0),
(15, 'Light2', 4, 'switch', '0', '1', '2023-05-18 17:22:44', 67, 0),
(16, 'Light2', 4, 'switch', '0', '1', '2023-05-18 17:28:13', 67, 0),
(17, 'Light2', 4, 'switch', '0', '1', '2023-05-18 17:28:15', 67, 0),
(18, 'Light2', 4, 'switch', '0', '1', '2023-05-18 18:18:02', 67, 0),
(19, 'Light2', 4, 'switch', '0', '1', '2023-05-18 18:18:30', 67, 0),
(20, 'Light2', 4, 'switch', '0', '1', '2023-09-27 09:30:55', 67, 0),
(21, 'Light3', 5, 'switch', '1', '0', '2023-09-27 13:11:36', 66, 0),
(22, 'Light2', 4, 'switch', '0', '1', '2023-09-27 13:11:38', 66, 0);

-- --------------------------------------------------------

--
-- 表的结构 `device_type`
--

CREATE TABLE IF NOT EXISTS `device_type` (
  `id` int(11) NOT NULL,
  `type_name` varchar(100) NOT NULL,
  `description` varchar(100) NOT NULL
) ENGINE=InnoDB AUTO_INCREMENT=17 DEFAULT CHARSET=utf8;

--
-- 转存表中的数据 `device_type`
--

INSERT INTO `device_type` (`id`, `type_name`, `description`) VALUES
(1, 'AirCondition', '空调'),
(2, 'Light', '电灯'),
(3, 'Monitor', '屏幕'),
(15, 'test', '1');

-- --------------------------------------------------------

--
-- 表的结构 `login_ticket`
--

CREATE TABLE IF NOT EXISTS `login_ticket` (
  `id` int(11) NOT NULL,
  `user_id` int(11) NOT NULL,
  `ticket` varchar(45) NOT NULL,
  `status` int(11) DEFAULT '0' COMMENT '0-有效; 1-无效',
  `expired` timestamp NOT NULL DEFAULT CURRENT_TIMESTAMP ON UPDATE CURRENT_TIMESTAMP
) ENGINE=InnoDB AUTO_INCREMENT=481 DEFAULT CHARSET=utf8;

--
-- 转存表中的数据 `login_ticket`
--

INSERT INTO `login_ticket` (`id`, `user_id`, `ticket`, `status`, `expired`) VALUES
(1, 2, 'cd4c69cb06664f01b76c033f95a2a788', 0, '2023-01-27 13:21:28'),
(2, 2, '3fe304946257454795d7d1575a85dc22', 0, '2023-01-28 10:14:26'),
(3, 2, '1f5bbf24c7a846029d6aabe0b0490b30', 0, '2023-02-02 15:26:23'),
(4, 2, 'a7b69f55ac2646c78dcbc4b36bfdca61', 0, '2023-02-03 15:13:30'),
(5, 14, '6e736c9e774d473ba7aca3e8f691e7f3', 0, '2023-02-18 12:45:03'),
(6, 14, 'e482284fd3e24ade964bbb8b4de88087', 0, '2023-02-18 12:45:15'),
(7, 14, '93cdc73d39b641c78963fc236978fe56', 0, '2023-02-18 12:50:04'),
(8, 14, '86029a879427439ba7a5dd4daa95fbd9', 0, '2023-02-18 12:50:09'),
(9, 14, 'e76dc001725f441ea57a66a8c1d5202c', 0, '2023-02-18 12:50:25'),
(10, 14, '17fbdd128b674db98ae61af386187230', 0, '2023-02-18 12:50:30'),
(11, 14, 'e40e88bbf9fa4e38b71ab47eb11eeb74', 0, '2023-02-18 12:50:44'),
(12, 14, '85ebe1f77e4e4f019b38704efa8e9049', 0, '2023-02-18 12:51:08'),
(13, 14, '51362527858545afad80d4f4dc6bc818', 0, '2023-02-19 02:54:59'),
(14, 14, '2f048a63c64e48f3852f4f23b59c8631', 0, '2023-02-19 03:08:03'),
(15, 14, '93cead170480440e8c8f2ef516f837bd', 0, '2023-02-21 08:05:42'),
(16, 14, '2330680391354dad955f36913f2dd19a', 0, '2023-02-21 08:05:45'),
(17, 14, '9690668d1a8b4313a129833b54226739', 0, '2023-02-23 07:47:25'),
(18, 14, '73ae6a96d513486ba263782fa95fd9c9', 0, '2023-02-23 07:47:35'),
(19, 14, 'd880801cc5fd41b583d7a2fe88f887a0', 0, '2023-02-23 07:50:31'),
(20, 14, '560c5e7609624b5583eb1037cdd00b1c', 0, '2023-02-23 07:53:49'),
(21, 14, '33d909cfb8ae45fcb63a12086863a160', 0, '2023-02-23 08:38:06'),
(22, 14, '181e7a714ab34fa99a3918f92bd6684e', 0, '2023-02-23 10:56:20'),
(23, 14, '40dfedd20d434fb8b732d0f544ee3796', 0, '2023-02-23 10:57:12'),
(24, 14, 'a44ca8a507954c2c924ea19c5b9ee866', 0, '2023-02-23 10:57:19'),
(25, 14, '254279fe38074fbc852e6ea46bc97771', 0, '2023-02-23 10:57:24'),
(26, 14, '09113cfdf59844f88e01fe999a9c86f7', 0, '2023-02-23 11:03:07'),
(27, 14, 'ef668bad34fd49c9bbbb6cb812a2b91d', 0, '2023-02-23 11:04:37'),
(28, 14, 'a371701803f74c9183564663cf062865', 0, '2023-02-23 11:07:00'),
(29, 14, '1cdadf6ab67746b3b33c5c7f0edaf98f', 0, '2023-02-23 11:07:02'),
(30, 14, '82f759e2a9034069bf760ffa3cb89653', 0, '2023-02-23 11:08:01'),
(31, 14, 'f4e43bb45f9d41f3ba39fad534d280c1', 0, '2023-02-23 11:10:35'),
(32, 14, 'a7046bee785f4554851f370de2b41d49', 0, '2023-02-23 11:11:21'),
(33, 14, '242d5762cda445bcaf5e93d3cf824f9b', 0, '2023-02-23 13:24:52'),
(34, 14, '5d76855f8bc24e8385edc7804d75b86e', 0, '2023-02-23 14:06:38'),
(35, 14, 'e844273865724b1f9845953dd0b99ff7', 0, '2023-02-23 14:22:47'),
(36, 14, 'bfba00d06e634ce7b894a78b27232587', 0, '2023-02-23 14:23:46'),
(37, 14, '0f9139466e5b45988a5a93e5ac0f7ac0', 0, '2023-02-23 14:31:45'),
(38, 14, '20fd07213df6415eb5460bd364bb3d3e', 0, '2023-02-23 14:37:32'),
(39, 14, '3cee4bfc2d8544929cc8872121721774', 0, '2023-02-23 14:42:07'),
(40, 14, '7eea9e37f6cd4138b02c375ef1598f0a', 0, '2023-02-23 14:55:30'),
(41, 14, '1c68ddeaf4574e4ea924c0eeb55d331a', 0, '2023-02-23 14:58:01'),
(42, 14, 'a6a9a7bc773143d19a10f07843d46482', 0, '2023-02-23 14:58:49'),
(43, 14, '6f0a5607aeeb449ab3cfe62611a45677', 0, '2023-02-23 15:08:54'),
(44, 14, '6719411743e947d7860fef632a001401', 0, '2023-02-23 15:19:42'),
(45, 14, '2ea5fdcdf76142179bb63cd19384462e', 0, '2023-02-23 15:23:42'),
(46, 14, 'eca7e4d4d4e24d339f6ffd3166b3bc59', 0, '2023-02-23 15:25:20'),
(47, 14, '13f3c609d2c84ab78a164938d9eaefab', 0, '2023-02-23 15:32:56'),
(48, 14, '151208b8578e49b1b71637101f7a5748', 0, '2023-02-23 15:34:47'),
(49, 14, '687db0ed06194ce68a1ffd8fc6f792b1', 0, '2023-02-23 15:35:05'),
(50, 14, '3fc5af96a00c4756ad23b5e5f2e79734', 0, '2023-02-23 16:23:26'),
(51, 14, 'd3ab427d2cd341568659cec9b6bedcc8', 0, '2023-02-23 16:28:09'),
(52, 14, '494c3295a88a4f4ca7cbf1ba6086e04c', 0, '2023-02-23 16:35:22'),
(53, 14, '97b4339f7c5a44bf91476d175f78834a', 0, '2023-02-24 04:02:06'),
(54, 14, 'b961fbfee1284fc5b16776ef2658a734', 0, '2023-02-24 08:22:27'),
(55, 14, 'f01645366839441081ca0c87201b639a', 0, '2023-02-24 08:23:15'),
(56, 14, '01006c56164342e283df2b8106cdd4d4', 0, '2023-02-24 08:29:06'),
(57, 14, '047ba4bcbb1f4b7d8b9f6e271f862044', 0, '2023-02-24 08:31:24'),
(58, 14, '286dc4f8cd7041728a133c25cf5f97d1', 0, '2023-02-24 08:34:57'),
(59, 14, '5abfb8d43f194efc922ba21ce5b3bf9e', 0, '2023-02-24 08:37:53'),
(60, 14, 'e4055b264ab742c4812eb3c540f5234e', 0, '2023-02-24 08:47:12'),
(61, 14, 'eb4086429c9643e7bb668b8182252004', 0, '2023-02-24 08:47:31'),
(62, 14, 'e523a8002dfd42dd81dd1e304ec6405a', 0, '2023-02-24 09:02:09'),
(63, 14, 'bff8645ba772470d9e42f933ac1e0790', 0, '2023-02-24 09:16:33'),
(64, 14, '8f7d703ede88427ab36c3af1fd41f4d7', 0, '2023-02-24 09:26:45'),
(65, 14, '1fa0c4955f3c43e49ad5328988e2e72c', 0, '2023-02-24 09:44:31'),
(66, 14, '0eda5c9ad59f4c0188f78bfc9aa9e5f1', 0, '2023-02-24 11:49:03'),
(67, 14, '1bf809ec7d64452a8ef58614548b6e42', 0, '2023-02-25 02:27:42'),
(68, 14, '2252ad03af7b431288ac063047dddc36', 0, '2023-02-25 03:06:04'),
(69, 14, '53f8cbbba6a74c5ca7a434681e515a28', 0, '2023-02-25 04:58:37'),
(70, 14, 'd2e21c8f9c334b948bf5675dd156d944', 0, '2023-02-25 04:59:13'),
(71, 14, '631718f474184774bad29c20e82bc816', 0, '2023-02-25 07:47:57'),
(72, 14, 'b7b7ede2823e4e7391fb6ccfdffbefb2', 0, '2023-02-25 07:50:41'),
(73, 14, '87e1702235204a55b4099504eb211040', 0, '2023-02-25 08:00:42'),
(74, 14, '16aaf02c36ef4260bbeaf0ebb0a2d18d', 0, '2023-02-25 08:44:55'),
(75, 14, 'ccda3e98ed8445ca9d27867dc5770eff', 0, '2023-02-25 13:49:41'),
(76, 14, '0056679b56454172af2b6994a185b22f', 0, '2023-02-25 15:57:55'),
(77, 14, 'cd3521ed9a404a8a8455430e5b9b82b1', 0, '2023-02-26 03:09:51'),
(78, 14, '8709e46706df4980affa222a378883fe', 0, '2023-02-26 03:42:15'),
(79, 14, '4205d2aeded84958b72c5e64313dc0a0', 0, '2023-02-26 03:42:18'),
(80, 14, '47fbcd8eeadd425eb5d5682a10fc27d2', 0, '2023-02-26 03:43:53'),
(81, 14, '062317aea1dd446d9c1f74623f3a8746', 0, '2023-02-26 03:44:32'),
(82, 14, '31683f1c81384e20b9358b84e3a5bdd3', 0, '2023-02-26 03:51:55'),
(83, 14, 'b0b808c5f4ed4388afaa82db9d7309cf', 0, '2023-02-26 06:10:51'),
(84, 14, '2bdc1e22484a4471b885e67def23f1b8', 0, '2023-02-26 08:31:20'),
(85, 14, '8208f49a780d4edd9332713ec52a08a3', 0, '2023-02-26 08:32:01'),
(86, 14, '8bc27ce815eb45e2b3192ea783cd00ae', 0, '2023-02-26 09:55:00'),
(87, 14, '200ac07cf1e2465a93ebe4c509c924fd', 0, '2023-02-26 09:55:55'),
(88, 14, '47ac9bd895874d49977a2aea8e951126', 0, '2023-02-26 09:56:21'),
(89, 14, '62447b0be214450a8218065387093c0c', 0, '2023-02-26 09:58:18'),
(90, 14, 'd2510799770e41378e853a3d19d26326', 0, '2023-02-26 09:59:08'),
(91, 14, 'ad0247faa89549f2a1c3d32ef948e3f6', 0, '2023-02-26 10:01:44'),
(92, 14, 'b80d2df9d9be4387838255a95d865fa4', 0, '2023-02-26 10:03:56'),
(93, 14, 'adfc192ca0704c0aaa24b1be9e0c6736', 0, '2023-02-26 10:28:10'),
(94, 14, 'c336c357bbd04810806f1019d5f0dfef', 0, '2023-02-26 10:30:42'),
(95, 14, '0db3664f44284d13a08d498228d3221e', 0, '2023-03-01 07:57:16'),
(96, 14, '5ac1415ee4ea4c5c9e041e6b28eed262', 0, '2023-03-01 07:57:30'),
(97, 14, '535eccd0cd3e44168ca2e3f8315a58cc', 0, '2023-03-01 08:39:48'),
(98, 14, 'a380d5caee514fa09a180fa63e12e0f1', 0, '2023-03-01 08:41:49'),
(99, 14, 'fd09f86f3b6141e1bc8e66d4bef44fd2', 0, '2023-03-01 08:43:00'),
(100, 14, '453aea6438514da68b5e9113ffe24def', 0, '2023-03-01 08:45:35'),
(101, 14, '9d02b6d99dc742808796715ceeae0725', 0, '2023-03-01 08:46:06'),
(102, 14, '4cf1b38359c342639bb90cf7059644ba', 0, '2023-03-01 08:54:07'),
(103, 14, '17c003f9b2d2466496958944546f60a5', 0, '2023-03-01 08:59:20'),
(104, 14, 'b059be17b6294997a501e63ea82da991', 0, '2023-03-01 09:32:08'),
(105, 14, '29dbe02b7144489a82f33095918f09c1', 0, '2023-03-01 09:46:19'),
(106, 14, '9bf9c0155a02441baeef6704c29f1c40', 0, '2023-03-01 09:48:37'),
(107, 14, 'af54edfdcdbc4def9a062ba0b2135490', 0, '2023-03-02 02:05:07'),
(108, 14, 'f6c0534246e0407c9a5eec7e187991ae', 0, '2023-03-02 02:10:30'),
(109, 14, 'f07ac8b8e0cc486fba51d5957c246673', 0, '2023-03-02 02:33:21'),
(110, 14, '08ecd415c9c044e5bd4001bcc50d6734', 0, '2023-03-02 02:41:16'),
(111, 14, 'e42c1e0c422b4648a8178be81131ec99', 0, '2023-03-02 02:43:43'),
(112, 14, 'd6e8e998b1c34e5fa15d98ad2fc18d1a', 0, '2023-03-02 02:57:35'),
(113, 14, 'f664306096cd4ed7b9c8e5152cb39f1e', 0, '2023-03-02 03:07:19'),
(114, 14, '48694905950345888ac5407354b06ab4', 0, '2023-03-03 07:14:46'),
(115, 14, 'cadce668a8454810b67eda90c42da344', 0, '2023-03-03 07:37:21'),
(116, 14, '2c535f02cc9b42cca80b136b97005fc2', 0, '2023-03-03 07:37:57'),
(117, 14, 'd3341964284249268ee1921aa2d9dc6e', 0, '2023-03-03 07:59:17'),
(118, 14, '3da8a88931574ad3a362c4f3f45a0527', 0, '2023-03-03 08:00:23'),
(119, 14, '207fc9c503854085aeaa147148445e47', 0, '2023-03-03 11:09:51'),
(120, 14, 'c8fe752e45e54051b31895f34c19f274', 0, '2023-03-03 11:11:34'),
(121, 14, 'c4bf528039204b479c4aed93c24a2ae1', 0, '2023-03-03 11:14:16'),
(122, 14, '573ad78a35314565ae5a0efa4b0c0762', 0, '2023-03-03 11:17:05'),
(123, 14, '8238550407e74d5188924023bc684c46', 0, '2023-03-03 12:01:26'),
(124, 14, 'a40650ef3008460fa8b09591f6ead5f8', 0, '2023-03-03 12:36:32'),
(125, 14, 'a3c711a199754628b1a2d198256ba417', 0, '2023-03-03 12:54:35'),
(126, 14, 'ac4ebf6cc7374b60aa43058580d078e8', 0, '2023-03-03 12:58:28'),
(127, 14, '48ec6fe59c0e46d5a87a74fa971b37b3', 0, '2023-03-03 13:49:44'),
(128, 14, '1e47f9ab8c484b3b8240dd807f6fdc33', 0, '2023-03-03 15:23:58'),
(129, 14, '6da06285059a49f8840cd3e1d75a813c', 0, '2023-03-03 15:27:51'),
(130, 14, '9d3b07a8bd5147fc9f3ad6acc00ef9bf', 0, '2023-03-03 16:02:58'),
(131, 14, '06ace6c2493a4ce786372dd329f1bc8e', 0, '2023-03-03 16:03:54'),
(132, 14, '30c4cbc81a104035bcc87c544d24a223', 0, '2023-03-03 16:11:49'),
(133, 14, 'a6523fbc7b69400aadf020b21749d616', 0, '2023-03-03 16:12:48'),
(134, 14, '622e8bbd2e134d39b426562a398ca7d4', 0, '2023-03-04 02:34:15'),
(135, 14, '2efef16b237a424b8debb01eaaf7426b', 0, '2023-03-04 02:46:25'),
(136, 14, 'b3d24926d8a3451f857bcf35a4188f24', 0, '2023-03-04 02:52:12'),
(137, 14, '58fb12dd7b95418ca95c8d8b32f422ac', 0, '2023-03-04 02:57:41'),
(138, 14, '0250ca7884a643c6b2f7a9289d0059c1', 0, '2023-03-04 03:15:23'),
(139, 14, '177bb3a70cd14271bcffe4b2ad622964', 0, '2023-03-04 03:56:30'),
(140, 14, '1b80abe06f2d4f25a7aba13cf48b7a35', 0, '2023-03-04 07:47:23'),
(141, 14, '846d84d977ee4e69ba5c6ad696550bc4', 0, '2023-03-04 07:47:44'),
(142, 14, 'c3969c89db7346afab74f69691a34041', 0, '2023-03-04 08:13:00'),
(143, 14, '16d6f5c5b2e442099662836f0fee8543', 0, '2023-03-04 08:27:39'),
(144, 14, '9e2834b342574e46a79f36cb215c453c', 0, '2023-03-04 08:30:48'),
(145, 14, '8c186b7f7a7d4730a95d6a9dc7d8eabf', 0, '2023-03-04 09:21:04'),
(146, 14, 'e334db55f8be4d44951ff3300b8ef1cf', 0, '2023-03-04 09:25:34'),
(147, 14, 'f9b234de38854e7989e95a3dacd7b0a8', 0, '2023-03-04 09:27:13'),
(148, 14, '40df763bb90847409281b04795d9167b', 0, '2023-03-04 09:28:22'),
(149, 14, '8fb027924ae1405695de1cac8a9680f6', 0, '2023-03-04 11:57:17'),
(150, 14, '3093818d31504f16b02e7488c5ab3e12', 0, '2023-03-04 12:07:58'),
(151, 14, 'ede26b4bf826424f831d96da96824914', 0, '2023-03-04 12:19:58'),
(152, 14, 'ef50ed5c429442a8ae4b5ceb97ee2ad5', 0, '2023-03-04 12:23:30'),
(153, 14, '6cdf5740b0394b5f9613a2ec0b5f88b4', 0, '2023-03-04 12:31:32'),
(154, 14, '2ddd2e8c588b41debd3d21ca2f1b3bc8', 0, '2023-03-04 12:32:18'),
(155, 14, '7c3a7d08da274152a6263c0725fbab90', 0, '2023-03-04 12:35:03'),
(156, 14, '9800c940e81d4139abccc378e1419cef', 0, '2023-03-04 12:35:08'),
(157, 14, '2f28e55f802f44a68befe5d9a827dc76', 0, '2023-03-04 12:38:53'),
(158, 14, '1583a40ce7d24de9acdb88bed2e84101', 0, '2023-03-04 12:57:30'),
(159, 14, '139a9f22fed24980add4f8a9dc16490e', 0, '2023-03-04 13:03:57'),
(160, 14, '899f02cb25de4a50b0ffc94061e06822', 0, '2023-03-04 13:06:34'),
(161, 14, '9cb150f851534d60833a3f78e91d5db3', 0, '2023-03-04 13:45:43'),
(162, 14, 'e53535bee42e4f17a09beba6c78d7b13', 0, '2023-03-05 06:32:32'),
(163, 14, 'cbe5ead5e79b4e359d455333d9750a0d', 0, '2023-03-08 05:22:17'),
(164, 14, '1c64709de5d8415ca3e315a893274708', 0, '2023-03-08 07:35:48'),
(165, 14, 'f56dcd3cf60745b08bf3f338f370f2f6', 0, '2023-03-08 08:01:01'),
(166, 14, 'df3359f8b9d941deafd803963f26a16f', 0, '2023-03-08 08:55:38'),
(167, 14, '64444441c22640cfa7bdbee0989a2442', 0, '2023-03-08 09:15:48'),
(168, 14, '1226eb50075f494687ce4d3f6f017d73', 0, '2023-03-08 09:22:04'),
(169, 14, 'd01cf31f1fe14478b0cd9b01fe350227', 0, '2023-03-08 11:18:11'),
(170, 14, '203b4470224e49029e3d3736794bcd62', 0, '2023-03-08 11:39:25'),
(171, 14, 'da027b2d2be84257bd7a73d425a6b230', 0, '2023-03-09 09:32:49'),
(172, 14, 'dd440f6c62284053aebe2da74e16c52c', 0, '2023-03-09 10:34:05'),
(173, 14, '1f32548477214aa6826d2464d5b83e2d', 0, '2023-03-09 10:57:06'),
(174, 14, '2cd7df76cbe84ecd94aed49b39c80648', 0, '2023-03-09 11:11:53'),
(175, 14, '101630ff7cc247cb86070465c77daf0c', 0, '2023-03-09 11:14:26'),
(176, 14, '1d5a43e81f6c475a9292d0f6cf05fafd', 0, '2023-03-09 11:31:15'),
(177, 14, '09572b3627a24bc59e04b2977736f8b8', 0, '2023-03-09 11:33:57'),
(178, 14, 'b40b67dc3b5e4b4bbcb0ce597658e02c', 0, '2023-03-09 11:40:21'),
(179, 14, '2384d62f535f4950a6782880357118de', 0, '2023-03-09 11:56:13'),
(180, 14, '1d7f40ab81074543960d66ea8a703de1', 0, '2023-03-09 11:59:26'),
(181, 14, '7f342d610eae4d75b68f2a7650976536', 0, '2023-03-09 12:09:23'),
(182, 14, '1ae7ac4f59f84a509358e2a8d5551846', 0, '2023-03-09 12:18:17'),
(183, 14, '0f00f60791f94b318d85075eb159d5a2', 0, '2023-03-09 12:20:21'),
(184, 14, 'aab10da718a3484c9e8b6067c787bcba', 0, '2023-03-09 12:22:50'),
(185, 14, 'a37253aa1129491685588a5b368fd29b', 0, '2023-03-09 12:23:26'),
(186, 14, 'd6528dd8f21243ae90d6e6fd78166630', 0, '2023-03-09 12:56:50'),
(187, 14, 'cdb5ab180c004bbc8b6f24522f32e0fb', 0, '2023-03-09 12:57:36'),
(188, 14, '76128f33a64643d1baa8da81c9020c2b', 0, '2023-03-09 13:00:19'),
(189, 14, '9fbf7a6dfcb7429a8d5be999b294eb0d', 0, '2023-03-09 13:02:17'),
(190, 14, '0ff633d9b05544b18dfb254c3a3fd643', 0, '2023-03-09 13:03:40'),
(191, 14, 'd146c53e76a741d5be057ecc75844e2c', 0, '2023-03-09 13:08:27'),
(192, 14, '4b94e07490404d4b970b1da32b458949', 0, '2023-03-09 13:13:48'),
(193, 14, 'f81103644d544ec88e48ebc22210f09d', 0, '2023-03-09 13:26:30'),
(194, 14, '700f7d83bfae427785cb523c5ef7d97c', 0, '2023-03-09 13:57:02'),
(195, 14, 'a6c69ef8f002428ba7b2748adbdd29d9', 0, '2023-03-09 14:09:06'),
(196, 14, '9775a98c09ba4bca99cafb45a8df7d23', 0, '2023-03-09 14:10:11'),
(197, 14, '5f64db0e4c434e019bc02c0a6ea7bf11', 0, '2023-03-09 14:34:44'),
(198, 14, '21ba0d25abd94bf2b5d4fff0b26de067', 0, '2023-03-10 02:13:51'),
(199, 14, 'aba0221c818643868075192f610a91ee', 0, '2023-03-11 07:32:36'),
(200, 14, '76979f205286440090c44af689f86af9', 0, '2023-03-11 07:38:01'),
(201, 14, 'df6a54da0bfc4bfdb01ba7f242f5ebfe', 0, '2023-03-11 07:45:22'),
(202, 14, 'da17f06e36344291992ed4f9fda0830c', 0, '2023-03-11 08:56:18'),
(203, 14, 'a44b94965a274eae856d6e6bd0f1b4e8', 0, '2023-03-11 13:28:17'),
(204, 14, '8bb8df2ad55b4b55a810df8fa8413a72', 0, '2023-03-11 13:39:55'),
(205, 14, '654aa63813df470a9015422bcc89c7eb', 0, '2023-03-11 13:41:04'),
(206, 14, '3b634637f5334450b31fbf9927db8330', 0, '2023-03-11 13:41:50'),
(207, 14, '38768a64b4f548b681e23560de3b9723', 0, '2023-03-11 13:42:52'),
(208, 14, '23e04c6378c54df5acc036e0e8b2a1c7', 0, '2023-03-11 13:46:37'),
(209, 14, '74d909fef70d43aea24911ff9410d95b', 0, '2023-03-11 13:47:23'),
(210, 14, '23ec3c42519c4e1590fea01271ddb2af', 0, '2023-03-11 13:51:44'),
(211, 14, '6858f00984064975bad9e5acdc333c9c', 0, '2023-03-11 13:52:19'),
(212, 14, '7cd3a7d2f8754a14a80fce6361b69f78', 0, '2023-03-11 13:53:28'),
(213, 14, '0725b080d6cd4c7d8e4194b65fbf764d', 0, '2023-03-11 13:58:27'),
(214, 14, 'a99c62cc20174f4799dafa283a2c4f04', 0, '2023-03-11 14:02:52'),
(215, 14, '2f2f934f80bb4a44af6bcc8ec989bfbf', 0, '2023-03-11 14:03:21'),
(216, 14, '627db632e3274d539aec4d4209a7ddd1', 0, '2023-03-12 06:27:32'),
(217, 14, '28b689d4f0fc4556a4bbf190d99e3c74', 0, '2023-03-12 07:03:53'),
(218, 14, 'd6da51881f1e4251acaa6254cb687d5f', 0, '2023-03-12 12:56:44'),
(219, 14, '5ba2d6b96de44ce0b8208abbc3d932eb', 0, '2023-03-13 06:12:01'),
(220, 14, 'd6082e5822c64f729db821b466a20a41', 0, '2023-03-17 12:46:48'),
(221, 14, 'eb0f24ffeaab48eca04c1a75590a3153', 0, '2023-03-18 07:02:09'),
(222, 14, '031bd6c42fd4457693c3be9cc5867bef', 0, '2023-03-18 07:12:34'),
(223, 14, '0a3648d34b4b4ad7954525ddb8c9f745', 0, '2023-03-18 07:52:55'),
(224, 14, '6a81f5421aa248b5a98d624e2099e5d3', 0, '2023-03-18 11:30:51'),
(225, 14, '60722365ba8749719ef7e980cf43c07d', 0, '2023-03-18 13:30:28'),
(226, 14, '68cec56117ec42a184b74bfb7f356015', 0, '2023-03-19 06:19:36'),
(227, 14, 'd101bc3f6ad741c2a761130341394faa', 0, '2023-03-19 06:34:59'),
(228, 14, '23845492347746b4aaafb555e007a58a', 0, '2023-03-19 06:39:16'),
(229, 14, '4e462eb3d3e94ad4a709c7795e28e236', 0, '2023-03-19 06:50:46'),
(230, 14, 'c99e8f11efa34806b26e64186fb8f7bb', 0, '2023-03-24 09:20:17'),
(231, 14, 'b6a02caf51b24dff9d7423dda7fa92f9', 0, '2023-03-24 09:20:18'),
(232, 14, '8c1d3b8ba09948228dccbc275eb1566f', 0, '2023-03-25 12:01:33'),
(233, 14, 'e55bc0a004ed40b4911d7c1fd4e1e3e8', 0, '2023-03-26 01:33:29'),
(234, 14, '9358e675473941f2aba2f64df8de7ac4', 0, '2023-03-26 05:10:41'),
(235, 14, 'd2c07af0ae9242b59f5916e3a09d6535', 0, '2023-03-31 07:32:01'),
(236, 14, '4a132398dcec48f1917d00c231576f0d', 0, '2023-03-31 08:49:09'),
(237, 14, '459068916b0b46199fd223bc8605e90b', 0, '2023-03-31 08:54:58'),
(238, 14, '6988e61a6fb041c2bdf35eb988a4f9e1', 0, '2023-03-31 09:03:34'),
(239, 14, '3a25b9bdf6b64f1fb600134c35cd01e6', 0, '2023-03-31 09:04:03'),
(240, 14, '99fd82e1eda94cf2a936e111159f7a71', 0, '2023-03-31 11:58:13'),
(241, 14, 'deaec12530a24a0a83c7e576a2801944', 0, '2023-04-01 14:22:33'),
(242, 14, '6bc88708e1844c06bdf1e7fbf4128ae3', 0, '2023-04-01 14:23:45'),
(243, 14, '744a843afe954273922dc7e112a4aac8', 0, '2023-04-01 14:25:49'),
(244, 14, '98f16f303ac340edacfe96563ddcd81b', 0, '2023-04-01 14:27:33'),
(245, 14, '3da0d38229414ac880cd5fd3e4bb2718', 0, '2023-04-05 09:50:10'),
(246, 14, '9a66fdb609c3489e995da3531348172e', 0, '2023-04-05 09:54:58'),
(247, 14, '752b179bab5a4538a43f107242cb13d4', 0, '2023-04-05 10:00:26'),
(248, 14, 'a7749b8eb2744885a3bc72af28fb0655', 0, '2023-04-05 14:11:56'),
(249, 14, '72bbf1baaf934774917ed0193d863dfc', 0, '2023-04-05 14:23:32'),
(250, 14, '796b800bd76b47e8aded8bf1a89f3d30', 0, '2023-04-05 14:27:30'),
(251, 14, '1c4c2d274c7148b49031167bd7de2c0e', 0, '2023-04-05 14:28:02'),
(252, 14, '401e7d4422ee402d909fca618b332558', 0, '2023-04-07 07:37:28'),
(253, 14, '46d090855f9a4a2d8a2d34924ba4085b', 0, '2023-04-07 08:52:16'),
(254, 14, 'f53defdce891428a84f776fa2b81c49f', 0, '2023-04-07 09:18:51'),
(255, 14, 'e3fc371b8894455f8629c6163843b871', 0, '2023-04-07 09:23:22'),
(256, 14, '9e97ba2d0081422495f29d90d6b0d16a', 0, '2023-04-08 07:30:53'),
(257, 14, 'cbdb32e318474f28bebbf65805d2ad7f', 0, '2023-04-08 07:34:00'),
(258, 14, '1fa61f106d55471da3674b49b3f95ecb', 0, '2023-04-08 07:35:22'),
(259, 14, '5989c49d02ad433980c5ec9c50049dcb', 0, '2023-04-08 07:38:45'),
(260, 14, 'affe34680a314cc587bda12fdc876a0c', 0, '2023-04-08 08:14:22'),
(261, 14, '66d89bf0b7eb480fa1968f647e1c5a80', 0, '2023-04-08 08:22:14'),
(262, 14, '5d187c0e00524e32b73fa69700b6ff1f', 0, '2023-04-13 08:31:53'),
(263, 14, 'dd90f56212cf4b2da5cd9decb80af962', 0, '2023-04-15 08:47:56'),
(264, 14, '7a5f2f8fd70e4f8085bd0e104832b71c', 0, '2023-04-15 11:16:06'),
(265, 14, '0aa9a960f0304916bdc6425f4cd206ac', 0, '2023-04-15 11:23:49'),
(266, 14, '13dbd85c96f746eca140bd1d92c6852f', 0, '2023-04-15 14:15:21'),
(267, 14, '2cf2ce95dcde4c4d9794b89682b835c4', 0, '2023-04-15 14:15:56'),
(268, 14, '6fafe7b0886c4ea0a9e982e12299ccb5', 1, '2023-03-10 10:58:23'),
(269, 14, '52161d47a2d24ec8b74f0252dffccc6d', 0, '2023-05-17 08:29:21'),
(270, 14, '93c5b0bfffee4e44bbe02fa8865a69f2', 0, '2023-05-17 09:44:30'),
(271, 14, 'b7b43c8bb30f4fd19f7ed399c0ec7b50', 0, '2023-05-17 11:47:39'),
(272, 14, 'df451bb7148c405caf1b2ead4759a30a', 0, '2023-05-17 11:48:22'),
(273, 14, 'e5a308c371ef40df9f0e5ac080818100', 0, '2023-05-17 11:58:59'),
(274, 14, '0ef30a40b93e4bf3a619230d683676a2', 0, '2023-05-17 12:58:36'),
(275, 14, '699419722e654432b788fd82800768da', 0, '2023-05-17 13:04:08'),
(276, 14, 'cda6750ab4864d14ad1905a652300245', 0, '2023-05-17 13:06:51'),
(277, 14, '115e65c116a64b3aa2a918c5aba4fe1c', 0, '2023-05-17 13:09:17'),
(278, 14, 'df12c25ee14d4a2aabfd3428c9fb391f', 0, '2023-05-19 03:17:00'),
(279, 14, 'ced676c01fe7491e8b433890c105f9aa', 1, '2023-03-01 05:09:43'),
(280, 14, 'e7f0a64802b7479e88968782a1b5d2dc', 0, '2023-05-31 06:34:51'),
(281, 14, 'f40b6601cefa4c8cb182ed55afdf96e7', 0, '2023-05-31 06:56:14'),
(282, 14, '14b63da317cb431082d0643d73f7b19b', 0, '2023-06-07 07:57:41'),
(283, 14, 'd463f1bbc93b4992b4a886754aea7c5b', 0, '2023-06-07 07:58:52'),
(284, 14, '379c895125964deab924c4ad28aeebc4', 0, '2023-06-07 08:08:31'),
(285, 14, '8a95431e60804d57bafc657cc2fe6dad', 0, '2023-06-08 06:38:32'),
(286, 14, '03af0b01bb4143f9880acc6ec6bab82f', 0, '2023-06-08 10:20:35'),
(287, 14, '68d6bec76ac041969fd32c667125cfa7', 0, '2023-06-08 12:28:44'),
(288, 14, 'a61ca36609ac4fceaefcd21ebe34bb73', 1, '2023-02-28 12:52:39'),
(289, 64, '1412c048bbd54e8b817f0917db22d920', 0, '2023-06-09 02:36:50'),
(290, 64, 'ff14e681b8de4598b5f20119897618e5', 0, '2023-06-09 02:43:45'),
(291, 64, 'eb0b08e9d3fa4ec1a744e347e6137d9a', 0, '2023-06-09 02:46:28'),
(292, 64, '62bb297c332d46b8b3c443e52f31cc01', 0, '2023-06-09 02:51:40'),
(293, 64, 'cf89d3d743bc44218f52e860a00da3b9', 0, '2023-06-09 02:52:05'),
(294, 64, 'bc3c7fc4557f45109cbe2dc3efbdc6c4', 0, '2023-06-09 03:05:02'),
(295, 14, '6520157150de405cbcc715d256e8736f', 1, '2023-03-01 05:11:46'),
(296, 14, '1fc93965934e46b393e7c4aba379d2c4', 1, '2023-03-01 05:18:55'),
(297, 14, 'e0c6a8b0a73944018cafbe9b917d6f07', 1, '2023-03-01 05:31:39'),
(298, 14, '6082dc4b7b634641be32fd941237dbd3', 0, '2023-06-09 05:31:50'),
(299, 14, 'bcd5992674064aaa9e4314bc2d6d519c', 0, '2023-06-09 05:32:58'),
(300, 14, '27c2f91c61004681a0f56d1b68e740d1', 0, '2023-06-09 05:34:27'),
(301, 14, '0e947a781e6a421ea18fde0a985a7443', 0, '2023-06-09 09:27:23'),
(302, 14, '9d991ae2d50848548e079df1621b7b5d', 0, '2023-06-09 12:54:34'),
(303, 14, 'e06af0e8fdca46bab55277028112970f', 0, '2023-06-11 02:12:36'),
(304, 14, '6dfc4ae4205c441986a985edf78fc3b5', 0, '2023-06-14 11:50:40'),
(305, 14, '244010d0fe984a49b8268aeee8860f29', 0, '2023-06-14 13:16:41'),
(306, 14, '6ee0814e656b4ca3bca27992d5d1b243', 1, '2023-03-07 05:43:41'),
(307, 14, '7da33919b70946ec8977bb9cf3b7c488', 1, '2023-03-07 05:43:54'),
(308, 14, '6099d3c8115a467daf18babb731b591b', 1, '2023-03-07 05:57:35'),
(309, 14, '6696db47d74d495982f800837af9dfc4', 1, '2023-03-07 06:00:18'),
(310, 14, '1325c4b271384802a5dfaf566ca2b9a5', 0, '2023-06-15 06:00:34'),
(311, 14, '16b2b820f1054b88a0b8f06ba0e2e899', 0, '2023-06-15 06:03:24'),
(312, 14, '46901336e3e64694a9935dcb8cd0af30', 0, '2023-06-16 01:24:45'),
(313, 14, 'ead5c8c61b944c32beeffd608eb39644', 0, '2023-06-16 08:32:43'),
(314, 14, 'fc0b1d8c166d4610a2db5e6faaac7d8b', 0, '2023-06-17 02:01:34'),
(315, 14, '1df3085e477a44aeae30b1ba87e2e138', 0, '2023-06-17 02:10:12'),
(316, 14, '0f957a5b2a8443a8803d342b0d031816', 0, '2023-06-17 02:10:46'),
(317, 14, '6cd8d1828eb54c10a5ffd7f33e7cf441', 0, '2023-06-17 05:46:18'),
(318, 14, 'a9332a14dd5f4b8c9c269174cde4645f', 0, '2023-06-17 14:13:10'),
(319, 14, '04e09f96a43649ac97ff824154b085eb', 0, '2023-06-17 14:28:59'),
(320, 14, 'b727e8d055434f628fbc6c1da53481a0', 1, '2023-03-14 02:40:47'),
(321, 14, 'e471da16f83048959734cdcfa6e51474', 0, '2023-06-18 10:58:36'),
(322, 14, 'f2f7b69b3b09471d8065398b87372eaa', 1, '2023-03-14 02:57:43'),
(323, 14, '79b06a10707247b2aa94f8347e001ce3', 1, '2023-03-14 03:01:40'),
(324, 66, '866b78c837134c75913f38ae8a1245eb', 1, '2023-03-14 03:02:01'),
(325, 67, 'e364794683c3406f874c9dad63743092', 1, '2023-03-14 03:03:53'),
(326, 67, '6d09cde7ddd7476380f8048130a16d4a', 1, '2023-03-14 03:04:04'),
(327, 67, 'b1b86ce0c36e42f5b6bb9a9e43212c69', 1, '2023-03-14 03:04:53'),
(328, 67, 'f3639a69d5584d7ea85c1430f5a89dd7', 1, '2023-03-14 03:06:51'),
(329, 67, 'fb65bec0084f4f17b2a2ea6973d377ae', 1, '2023-03-14 03:13:11'),
(330, 67, '3e1ebb0b4abd4eae80410dbbe9f1b7f9', 1, '2023-03-14 03:29:14'),
(331, 14, '99bd0a463d1b432bbc71058db0a006ca', 0, '2023-06-22 03:30:24'),
(332, 67, 'a14f7a5b8205429d894729aad1da41b0', 1, '2023-03-14 03:39:36'),
(333, 66, 'b7e9156e9f4649659e9864da2ee28a55', 1, '2023-03-14 03:40:18'),
(334, 14, 'eabad7a152554d609c691cd5126c9a9d', 1, '2023-03-14 03:40:52'),
(335, 14, 'c2fb65c0624446008724a3128dbcadee', 1, '2023-03-14 03:42:22'),
(336, 67, '5dac701610224b2f8bf29fa24bc5753f', 1, '2023-03-14 03:43:48'),
(337, 14, '98931bd260d94daea77ece350e158253', 1, '2023-03-14 03:46:30'),
(338, 14, 'feb97b672aed4751a0242edc88af1d65', 0, '2023-06-22 03:46:25'),
(339, 67, 'd70ea0c11f7b4a949bdc28031be68432', 0, '2023-06-22 07:33:15'),
(340, 67, '3b1819ff94ee49bdb291b6cfbd91e1ce', 1, '2023-03-15 14:48:51'),
(341, 67, 'bb745a4263e94ce69810063f0f641583', 0, '2023-06-22 08:23:23'),
(342, 67, '29cd4003800e42be8a1a3dee1037fcf0', 0, '2023-06-23 14:49:01'),
(343, 67, '614066170d7648e0a08aba03478600ff', 1, '2023-03-16 07:32:48'),
(344, 67, '0e04de2d324f4fee82b564f5d20f167b', 0, '2023-06-24 07:32:55'),
(345, 67, 'fbfc79d186d04d2a841a80d18b34ef04', 1, '2023-03-17 08:26:31'),
(346, 67, '83d7765c2d05418389c91d47f7fa2c45', 0, '2023-06-24 12:00:19'),
(347, 67, '0c8b99c44033416cb0ffdec9df637caa', 0, '2023-06-24 12:38:05'),
(348, 67, '6821c54c23ea4a57ad2dcbbaaffb3867', 0, '2023-06-24 16:01:54'),
(349, 67, '7305830d15fa4c818b72a7028cba5fff', 0, '2023-06-25 02:01:57'),
(350, 67, '4b7ff5c4bc9f4938938c67bb19c7f794', 1, '2023-03-20 03:35:17'),
(351, 67, '6c80d72e061c4b6b813dfcc469f06abb', 0, '2023-06-25 11:03:18'),
(352, 67, '3a66df2e727846d8893596fefcfc441d', 0, '2023-06-28 03:35:28'),
(353, 67, '32a5a37749e54875a0e32cac9109851b', 0, '2023-06-28 11:11:29'),
(354, 67, '42941e778a544c2f91f0827f380217d8', 0, '2023-06-30 07:08:08'),
(355, 67, 'a087dbdac8bf44078a5e1afa9e4747ac', 0, '2023-06-30 09:19:50'),
(356, 67, 'c515b9ba36b145a2badd05fe075ec529', 1, '2023-03-24 10:03:59'),
(357, 67, 'a37fb9d87d9741a3a4c970f08af47cc8', 0, '2023-07-01 10:00:56'),
(358, 67, '19b07c81d7c54437aa86524f3274c34b', 0, '2023-07-02 09:20:35'),
(359, 67, '577f09bed23f4099b404e03dcca55344', 0, '2023-07-02 10:04:06'),
(360, 67, '6de9060ffe374ab3b7787d1d26501bea', 0, '2023-07-02 10:57:17'),
(361, 67, 'd296f55833594c28a58ed9fac4520f9b', 0, '2023-07-06 06:17:02'),
(362, 67, 'd4b621be50f34333a0e7f2792cb13b71', 0, '2023-07-06 06:26:49'),
(363, 67, '9801e79ea3f84ad0bf622701b5b1cfef', 0, '2023-07-06 09:23:59'),
(364, 67, '465a0d8e4f4b463f96f7d7cca4004e7c', 0, '2023-07-07 03:07:11'),
(365, 67, '1006f9ed1f1742b3945cce846dcc979e', 0, '2023-07-07 08:41:56'),
(366, 67, '8ad2b9cb4b774dd98a95496d23ed794b', 0, '2023-07-07 12:25:55'),
(367, 67, 'afcbe433e90c46609ea1babd564d0588', 0, '2023-07-08 02:47:01'),
(368, 67, '79b2f1d79bc844f7986e033a8b9ad76f', 0, '2023-07-09 02:39:07'),
(369, 67, 'beb3ac2e72ac4f74b3705abc8c1d2f92', 1, '2023-04-04 02:14:05'),
(370, 67, 'ab602dfa9df64df1b4712d668a837f73', 0, '2023-07-13 02:14:11'),
(371, 67, 'd65868b246694284b7a2f7fc4dda21ac', 0, '2023-07-14 06:57:10'),
(372, 67, 'f180e0fbf6a64603b291a06e8582cb77', 0, '2023-07-14 07:27:00'),
(373, 67, '4dc8354dbc43417b853fca438c06d086', 0, '2023-07-14 08:51:52'),
(374, 67, '053a8f60761140f28cf188236afd2934', 0, '2023-07-15 07:23:16'),
(375, 67, '02fdbe17428149939d3d469c378ad280', 0, '2023-07-15 08:07:27'),
(376, 67, '43354b76d0fa40d58c4229323b492d3e', 0, '2023-07-15 09:17:26'),
(377, 67, '65d23993636f4355b55e405ef6e0551f', 0, '2023-07-16 08:40:55'),
(378, 67, '578f4a59a14a43418a61552dd007cbc5', 0, '2023-07-18 06:17:56'),
(379, 67, 'db325d300bbb4203829b5d7619475be2', 0, '2023-07-18 06:19:41'),
(380, 67, '8b2deb94c8ae44a8b978e4ff922041e2', 0, '2023-07-18 06:58:56'),
(381, 67, 'fca3cf55b72e42ae99e42ee816356589', 0, '2023-07-18 07:37:54'),
(382, 67, 'd110ea3641d54b188f207a6d1bcb30de', 0, '2023-07-22 13:56:34'),
(383, 67, '26768873a3114c748c662ae4530a69d1', 1, '2023-04-14 09:23:33'),
(384, 67, '3ad988b0b5a04524aba7b2e9584aad2e', 0, '2023-07-27 08:34:44'),
(385, 67, 'fbbb902990484079b3a85bf981935787', 0, '2023-07-27 08:38:09'),
(386, 67, 'db7fc104da554a838c09efe01a19e081', 0, '2023-07-30 07:26:35'),
(387, 67, 'b560a0aefe264904a9df59a6da647cf2', 0, '2023-07-30 07:29:23'),
(388, 67, 'f6332b6f65b246e298b425249a95bd15', 0, '2023-08-01 09:20:50'),
(389, 67, '6397e9ce2fc04afdb9f8a1f6813b5c21', 0, '2023-08-05 08:35:24'),
(390, 67, 'bfafafe1dbbd4715bbad26654cd94611', 1, '2023-04-27 10:57:55'),
(391, 67, '3cefb0d9379e4026ad23480e1d2ed864', 1, '2023-04-27 10:58:47'),
(392, 67, 'f0e04f7e547442dd834ddfd447cd1456', 0, '2023-08-05 10:59:27'),
(393, 67, '02cf53e5101f4eba94265296f4a49f35', 0, '2023-08-06 03:02:18'),
(394, 67, '8cd1322c0af044beaa8cf6c79dca8e4f', 0, '2023-08-06 03:31:45'),
(395, 67, 'c237830431b5401b9b5ef84dd42e2b33', 0, '2023-08-06 03:55:03'),
(396, 67, 'e39bc69a66ff449a8993e8f636793421', 0, '2023-08-06 07:19:34'),
(397, 67, '191a3abf65074a1992f19ccb5bfa4c56', 0, '2023-08-08 11:11:01'),
(398, 67, 'a8323329dfa143818c05bf4d0bf975d5', 0, '2023-08-12 04:37:43'),
(399, 67, 'd9e9c4bd567b47caa57abdb892ab4050', 0, '2023-08-12 13:07:31'),
(400, 67, 'a112c1e5367f4772aa620769969ba581', 1, '2023-05-06 09:10:45'),
(401, 67, '44f3d27e0f8143e0813a48a9b0bdf3d5', 1, '2023-05-07 14:14:56'),
(402, 67, '75d0a7109cd14409af798b8572f10003', 0, '2023-08-15 14:15:03'),
(403, 67, '087a41f795834efeb53a049540f578ee', 0, '2023-08-16 05:02:06'),
(404, 67, '8f55defee68749dfa56286a9ff457315', 1, '2023-05-08 05:13:53'),
(405, 66, '979473c7fb884820a38069da0749070f', 1, '2023-05-08 05:18:38'),
(406, 14, 'e30dba5b653d410cac0eddceedc3cf78', 1, '2023-05-08 05:18:58'),
(407, 67, '8ac56098b01749e3bedc0bbc1b316b08', 0, '2023-08-16 05:19:07'),
(408, 67, 'ea55b84d81d44ca3a1c02e72a631c7e7', 0, '2023-08-16 05:27:02'),
(409, 67, '28d102eda39544d5bdc2e924643e1b34', 1, '2023-05-08 08:40:04'),
(410, 66, '1d09c0a528f84d0b990c5bbd93633264', 1, '2023-05-08 08:58:11'),
(411, 67, '31fe4822b28b4f5394acccd9391dcec4', 0, '2023-08-16 09:00:18'),
(412, 67, '927936cf077748118057d9a46c49f8c7', 0, '2023-08-17 11:06:51'),
(413, 67, '246cc5fb5d9149dea2dd4f398c538e08', 0, '2023-08-17 11:16:03'),
(414, 67, '06c2f65195604a44971108b21f4bfb10', 0, '2023-08-18 01:26:26'),
(415, 67, '3737039a966c4295a2e9e97d212db960', 0, '2023-08-18 02:25:48'),
(416, 67, '1f981d7982fd464c992433656b85a113', 1, '2023-05-10 03:56:30'),
(417, 67, '6fdf14f43f6e4e08a0259d38942a76d8', 0, '2023-08-18 03:56:58'),
(418, 67, '188d083b9e7c433083c7d748fd8d935f', 0, '2023-08-18 07:26:10'),
(419, 67, '93ae10a1c6bb4277a37b77383b58ee9b', 0, '2023-08-19 02:58:29'),
(420, 67, '8cbaac77f6984c3d860b76aed101dbea', 0, '2023-08-23 03:42:09'),
(421, 67, '683963f027b747f1b1667ef983c510f8', 0, '2023-08-23 04:51:33'),
(422, 67, '8a89a3433bff44f9b311abf0a4362f6a', 0, '2023-08-26 09:16:00'),
(423, 67, '8fa9227b6c1340d2b5c99fa9b6542b9f', 0, '2023-08-26 09:17:34'),
(424, 67, '26c3fafee11d4b2d9122ab77dad0c8ea', 0, '2023-08-31 02:34:08'),
(425, 67, '38cda026a7764d46b0570fdc6f7feec2', 0, '2023-10-18 06:55:26'),
(426, 67, '8fbe73d6603247ab91c633ed34be11ae', 0, '2023-10-18 07:39:10'),
(427, 67, 'd5b7f36682434bdd8133afa4e29f01de', 0, '2023-10-18 08:00:58'),
(428, 67, '257df72e361a442cbe608c6ac9fc31ee', 0, '2023-12-21 11:51:16'),
(429, 67, 'b98debc388d74fa2a27f34ddedc38912', 0, '2023-12-23 07:44:07'),
(430, 67, '2b0ca39a54774344b6f7307ec91887d1', 0, '2023-12-23 08:06:39'),
(431, 67, 'db850f475bc04185bfca4abe61001a74', 0, '2023-12-23 08:12:47'),
(432, 67, '9229f4fab6b84ac9a6d2985a904cbf09', 0, '2023-12-23 08:40:40'),
(433, 67, '0edb20ecc793464086b74784b2e9fd46', 0, '2023-12-23 12:34:34'),
(434, 67, 'fd16662fcf9f46e595bf9b0a45cdffdf', 0, '2023-12-23 12:36:45'),
(435, 67, '7f31da7b94a24db4acae43718a89e9e1', 1, '2023-09-27 02:15:40'),
(436, 67, '2a9b41a7375c4dd492c23e4f149da432', 0, '2024-01-04 14:57:17'),
(437, 67, 'f4f7c9ee936f4024b2524cf1372bb7a3', 0, '2024-01-05 01:30:25'),
(438, 67, '540d4a84e432436fbda82ec5a79c3c39', 0, '2024-01-05 01:33:29'),
(439, 67, '9224e5bca7484814a0201e79c59668f8', 0, '2024-01-05 01:35:18'),
(440, 67, '1ab86ee60c7447d59f4a38e6794cb170', 0, '2024-01-05 02:42:50'),
(441, 67, '35524bc65ee048278f5b33a35b16fd16', 0, '2024-01-05 02:45:12'),
(442, 67, 'f1e2b405379249649633eaa5de3d5e28', 0, '2024-01-05 03:15:56'),
(443, 67, '0c8b2207a5184e6b8fdb9d2d9ef0ec3c', 0, '2024-01-05 03:18:11'),
(444, 67, 'fc038058e2fa4e6aa4ec82bdb0ab6066', 0, '2024-01-05 03:19:18'),
(445, 67, 'f2cf933b8e0f4488a5ad2b93b4fc2965', 0, '2024-01-05 03:23:45'),
(446, 67, 'b87e3472a0474605ae53dc678648b5af', 0, '2024-01-05 03:32:42'),
(447, 67, '12b425a1aa174e8aa8872ce5ca49874d', 0, '2024-01-05 04:47:07'),
(448, 67, '37a27a8e18d14dd8a79dba4b00712966', 1, '2023-09-27 05:10:46'),
(449, 67, 'c94ef78750e342b3a53c0f09e6c454b6', 0, '2024-01-05 05:04:54'),
(450, 67, 'e672246493c640aa98a18f1fd7164343', 0, '2024-01-05 05:06:07'),
(451, 66, '8db53c71fb3643d6bbddff7725f1e5ea', 0, '2024-01-05 05:10:48'),
(452, 67, '81ceb6a97bec4f5a8cf2169d6819dd45', 0, '2024-01-05 05:21:57'),
(453, 67, '308fe5b079bf45a79fe3e2f8eefe5a39', 0, '2024-06-27 07:01:31'),
(454, 67, '8b571f0d1bab4ae48274f9238a3269c8', 0, '2024-06-27 07:15:57'),
(455, 67, 'f4590e1536be408e9a6f3261ffd8d8fc', 0, '2024-06-27 08:10:18'),
(456, 67, 'd67539f1a3f6470183b82c2189c7aae4', 0, '2024-06-27 08:15:09'),
(457, 67, '636a42d7290543e0840be96a77fb3f94', 0, '2024-06-28 08:11:05'),
(458, 67, 'e4197cf6efde48efaace38e344f6c7da', 0, '2024-06-29 06:49:25'),
(459, 67, 'a1d1242d30d54f518ef956d7797a89e7', 0, '2024-06-29 08:12:09'),
(460, 67, '23e992d525994e06b02c379de6268477', 0, '2024-06-29 13:07:27'),
(461, 67, '89ae18b783e54f02996d257277630b1a', 0, '2024-07-10 12:12:15'),
(462, 67, '10deac98e86f44a185ba0ccf9777e1b4', 0, '2024-07-11 11:31:16'),
(463, 67, 'c2aa1962b2754a7daf7163fd3ac8b803', 0, '2024-07-11 23:51:45'),
(464, 67, '4a453a5b065d49d9b5214d06179fa0d4', 0, '2024-07-11 23:58:34'),
(465, 67, '2839d9d46b1840dda548521b671c4a3c', 0, '2024-07-12 00:01:09'),
(466, 67, '755ee753441948b1b973140f9b82cca9', 0, '2024-07-12 02:10:10'),
(467, 67, 'deada48449574eaf95f9f4be77fdb9b3', 0, '2024-07-12 02:11:31'),
(468, 67, 'd9c578f37bf8447abae6ca6f09fe9695', 0, '2024-07-12 02:28:17'),
(469, 67, '3183c78d354a46738c1eec7dddd77d1f', 0, '2024-08-04 07:41:01'),
(470, 67, 'cc3eef3cc6a54f64b7f352899ae55af6', 0, '2024-08-04 07:41:12'),
(471, 67, 'fda4da260d5c4950bf1946e1ad338244', 0, '2024-08-04 08:04:00'),
(472, 67, 'f35a44c254324027ac17f00329c84ab2', 0, '2024-08-04 08:16:49'),
(473, 67, 'f2fa838ef5ff432f8f1406edcacf6740', 0, '2024-08-04 08:23:11'),
(474, 67, '4fc25efa53644c63895dc7441d417f44', 0, '2024-08-21 13:36:53'),
(475, 67, 'ed684fb28d8e4360bb29aa0ab35ee7ac', 0, '2024-08-22 22:01:18'),
(476, 67, '527e7e83a419461d9e5a91e8964731de', 0, '2024-08-23 03:31:19'),
(477, 67, '3d626e35636345aba0b1582035deab25', 0, '2024-08-23 03:54:50'),
(478, 67, '6ff0f834af374382af7598d2bca5338d', 0, '2024-08-23 04:23:58'),
(479, 67, 'd1760eee51d34e98816f20f9b755fb79', 0, '2024-08-26 14:53:48'),
(480, 67, '5623979743ea4815ab65744c0aca681f', 0, '2024-08-26 15:01:44');

-- --------------------------------------------------------

--
-- 表的结构 `model`
--

CREATE TABLE IF NOT EXISTS `model` (
  `id` int(11) NOT NULL,
  `file_name` varchar(100) NOT NULL,
  `upload_date` datetime NOT NULL,
  `uploader_id` int(11) NOT NULL COMMENT '上传者'
) ENGINE=InnoDB AUTO_INCREMENT=15 DEFAULT CHARSET=utf8;

--
-- 转存表中的数据 `model`
--

INSERT INTO `model` (`id`, `file_name`, `upload_date`, `uploader_id`) VALUES
(2, '22a3e9dcce72439383a887f50c3aca23', '2022-11-16 17:03:02', 14),
(3, '415a4ddc65014d1d9e50205fefa99c46', '2022-11-16 17:27:39', 14),
(4, '87378133c43748308f57e55647d076f1', '2022-11-16 18:03:07', 14),
(5, 'e0a04a0c6b634b519b2fd6724c7b27f1', '2022-11-18 14:12:06', 14),
(6, 'f7e0e59a49964e56aa460d22d6deb8b1', '2022-11-23 15:40:00', 14),
(7, 'Lab.glb', '2022-11-23 15:40:14', 14),
(8, '062eeda398d94d658e118f55c463c139', '2023-04-14 17:01:51', 67),
(9, '07108b1090db4f1d8ffe122a211af831', '2023-04-27 18:06:24', 67),
(10, '3a5e543e397e406f942665a59b1aec18', '2023-09-12 20:21:43', 67),
(11, 'fa4a691576e34dc190a0ca5670a14e8e', '2023-09-12 20:21:47', 67),
(12, 'e6235c4cb24d4176aec9501aefe17d30', '2023-09-12 20:21:50', 67),
(13, 'ce089f7c5f514befb7e5ff36a25b84e8', '2023-09-27 09:32:09', 67),
(14, '020f8a9e5ce94ff99cdd8736f217b1d7', '2023-09-27 10:47:53', 67);

-- --------------------------------------------------------

--
-- 表的结构 `permission_application`
--

CREATE TABLE IF NOT EXISTS `permission_application` (
  `id` int(11) NOT NULL,
  `applicant_id` int(11) NOT NULL COMMENT '申请者id',
  `permission_apply_for` int(11) NOT NULL COMMENT '申请权限类别id',
  `date` datetime NOT NULL COMMENT '申请日期',
  `if_processed` int(6) NOT NULL DEFAULT '0' COMMENT '是否已处理，0表示未处理，1表示通过，2表示拒绝',
  `processed_date` datetime DEFAULT NULL
) ENGINE=InnoDB AUTO_INCREMENT=3 DEFAULT CHARSET=utf8;

--
-- 转存表中的数据 `permission_application`
--

INSERT INTO `permission_application` (`id`, `applicant_id`, `permission_apply_for`, `date`, `if_processed`, `processed_date`) VALUES
(1, 14, 0, '2023-01-05 20:53:00', 1, '2023-02-06 21:09:24'),
(2, 14, 1, '2023-01-05 20:55:38', 1, '2023-02-06 21:09:26');

-- --------------------------------------------------------

--
-- 表的结构 `room`
--

CREATE TABLE IF NOT EXISTS `room` (
  `id` int(11) NOT NULL COMMENT '1-527会议室；2-533会议室',
  `status` int(11) DEFAULT NULL COMMENT '0-空闲；1-占用',
  `change_time` timestamp NULL DEFAULT NULL
) ENGINE=InnoDB DEFAULT CHARSET=utf8;

--
-- 转存表中的数据 `room`
--

INSERT INTO `room` (`id`, `status`, `change_time`) VALUES
(1, 0, '2022-08-30 11:13:36'),
(2, 0, '2022-08-30 09:17:32');

-- --------------------------------------------------------

--
-- 表的结构 `staff`
--

CREATE TABLE IF NOT EXISTS `staff` (
  `member_id` int(10) NOT NULL,
  `campus_num` varchar(13) DEFAULT NULL,
  `name_en` varchar(45) NOT NULL,
  `type` int(11) DEFAULT NULL COMMENT '1-学生；2-管理员',
  `name_zh` varchar(50) NOT NULL,
  `person_state` varchar(20) NOT NULL DEFAULT 'Out_Lab',
  `seat_id` int(10) NOT NULL COMMENT '座位号',
  `valid` int(5) NOT NULL DEFAULT '1' COMMENT '是否有效'
) ENGINE=InnoDB AUTO_INCREMENT=23 DEFAULT CHARSET=utf8;

--
-- 转存表中的数据 `staff`
--

INSERT INTO `staff` (`member_id`, `campus_num`, `name_en`, `type`, `name_zh`, `person_state`, `seat_id`, `valid`) VALUES
(1, '1001', 'SYSTEM', 2, 'SYSTEM', 'Out_Lab', 0, 1),
(2, NULL, 'fuluwei', 1, '付璐炜', 'In_Lab', 1, 1),
(3, NULL, 'liujiangqi', 1, '刘建奇', 'Out_Lab', 2, 1),
(4, NULL, 'chengjiajun', 1, '陈嘉俊', 'In_Meeting_Room', 3, 1),
(5, NULL, 'wangpengfei', 1, '王鹏飞', 'In_Lab', 4, 1),
(6, '202121080731', 'liujiangshu', 1, '刘江澍', 'Out_Lab', 5, 1),
(7, NULL, 'liqinyong', 1, '李芹涌', 'In_Lab', 8, 0),
(8, NULL, 'wangkun', 1, '王坤', 'In_Lab', 9, 1),
(9, NULL, 'xvxianyang', 1, '徐显阳', 'Out_Lab', 11, 1),
(10, NULL, 'liuzhuoliu', 1, '刘卓柳', 'In_Lab', 12, 1),
(11, NULL, 'zhujiahui', 1, '朱家辉', 'Out_Lab', 14, 1),
(12, NULL, 'zhanglinyuanqi', 1, '张林元齐', 'Out_Lab', 15, 1),
(13, NULL, 'kangmengyu', 1, '康孟雨', 'In_Meeting_Room', 16, 1),
(14, NULL, 'wangmengfan', 1, '王梦凡', 'In_Meeting_Room', 17, 1),
(15, NULL, 'drzhao', 1, '赵志为教授', 'In_Lab', 18, 1),
(16, NULL, 'bizhenguo', 1, '毕振国', 'Out_Lab', 22, 1),
(17, NULL, 'mamengqi', 1, '马梦琪', 'Out_Lab', 24, 1),
(18, '1003', 'test', 1, '测试', 'Out_Lab', 25, 1),
(20, '20122222', 'lyq', 1, '李琴用', 'Out_Lab', 34, 1),
(21, '33333', 'bjt', 1, '白敬亭', 'Out_Lab', 8, 1),
(22, '2020080909009', 'hejiahao', 1, '何佳昊', 'Out_Lab', 30, 1);

-- --------------------------------------------------------

--
-- 表的结构 `user`
--

CREATE TABLE IF NOT EXISTS `user` (
  `id` int(11) NOT NULL,
  `campus_num` varchar(13) DEFAULT NULL,
  `username` varchar(50) DEFAULT NULL,
  `password` varchar(50) DEFAULT NULL,
  `salt` varchar(50) DEFAULT NULL,
  `email` varchar(100) DEFAULT NULL,
  `type` int(11) DEFAULT NULL COMMENT '0-游客; 1-实验室成员; 2-超级管理员;',
  `status` int(11) DEFAULT NULL COMMENT '0-未激活; 1-已激活;',
  `activation_code` varchar(100) DEFAULT NULL,
  `header_url` varchar(200) DEFAULT NULL,
  `create_time` timestamp NULL DEFAULT NULL,
  `if_deleted` int(2) NOT NULL DEFAULT '0'
) ENGINE=InnoDB AUTO_INCREMENT=80 DEFAULT CHARSET=utf8;

--
-- 转存表中的数据 `user`
--

INSERT INTO `user` (`id`, `campus_num`, `username`, `password`, `salt`, `email`, `type`, `status`, `activation_code`, `header_url`, `create_time`, `if_deleted`) VALUES
(1, '1001', 'system', 'f6f0701203ea288e829094cad8e7a1f9', 'abc', '2097733073@qq.com', 2, 1, NULL, NULL, '2022-08-30 09:17:29', 0),
(14, '1001', 'primaryUser', '04a463ece793801bc97330e0f811e16b', '29562', 'primaryUser@mobinets.org', 0, 1, '7d248e6172b14e85aa4e4e18aae4563e', 'https://images.nowcoder.com/head/65t.png', '2022-11-10 05:56:42', 0),
(63, '202121080731', 'shugege', '515a47974a0c15aa5cb5d3ddd992ab64', 'fcbbe', 'jiangshu_liu@163.com', 1, 0, 'e15bcd2b68a643a09e02dba9a2bca426', 'https://images.nowcoder.com/head/67t.png', '2023-02-27 07:53:29', 0),
(64, '1001', 'zkw', '9871e908324a47449261f50332d44aff', '1c054', '1150726371@qq.com', 2, 1, '87436e4a4ab04e4092a9137518b73cee', 'https://images.nowcoder.com/head/76t.png', '2023-03-01 02:19:52', 0),
(66, '1002', 'user', '04a463ece793801bc97330e0f811e16b', '29562', 'user@mobinets.org', 1, 1, '7d248e6172b14e85aa4e4e18aae4563e', 'https://images.nowcoder.com/head/65t.png', '2023-03-14 02:52:05', 0),
(67, '1003', 'admin', '04a463ece793801bc97330e0f811e16b', '29562', 'admin@mobinets.org', 2, 1, '7d248e6172b14e85aa4e4e18aae4563e', 'https://images.nowcoder.com/head/65t.png', '2023-03-14 02:53:55', 0),
(68, '202121080730', NULL, 'zhuoliu', 'abc', 'zhuoliu@mobinets.org', 1, 1, NULL, NULL, '2023-03-16 13:18:49', 0),
(69, '202121080730', NULL, 'zhuoliu', 'abc', 'zhuoliu@mobinets.org', 1, 1, NULL, NULL, '2023-03-24 09:44:10', 0),
(70, '202121080730', NULL, 'zhuoliu', 'abc', 'zhuoliu@mobinets.org', 1, 1, NULL, NULL, '2023-03-28 09:03:05', 0),
(71, '202121080730', NULL, 'zhuoliu', 'abc', 'zhuoliu@mobinets.org', 1, 1, NULL, NULL, '2023-04-03 08:55:19', 0),
(72, '202121080730', NULL, 'zhuoliu', 'abc', 'zhuoliu@mobinets.org', 1, 1, NULL, NULL, '2023-04-03 11:44:21', 0),
(73, '202121080730', NULL, 'zhuoliu', 'abc', 'zhuoliu@mobinets.org', 1, 1, NULL, NULL, '2023-04-06 08:38:08', 0),
(74, '202121080730', NULL, 'zhuoliu', 'abc', 'zhuoliu@mobinets.org', 1, 1, NULL, NULL, '2023-04-06 09:17:57', 0),
(75, '202121080730', NULL, 'zhuoliu', 'abc', 'zhuoliu@mobinets.org', 1, 1, NULL, NULL, '2023-04-09 04:52:26', 0),
(76, '202121080730', NULL, 'zhuoliu', 'abc', 'zhuoliu@mobinets.org', 1, 1, NULL, NULL, '2023-04-09 04:59:30', 0),
(77, '202121080730', NULL, 'zhuoliu', 'abc', 'zhuoliu@mobinets.org', 1, 1, NULL, NULL, '2023-05-04 13:47:19', 0),
(78, '202121080730', NULL, 'zhuoliu', 'abc', 'zhuoliu@mobinets.org', 1, 1, NULL, NULL, '2023-05-04 13:47:19', 0),
(79, '202121080730', NULL, 'zhuoliu', 'abc', 'zhuoliu@mobinets.org', 1, 1, NULL, NULL, '2023-05-06 03:25:14', 0);

--
-- Indexes for dumped tables
--

--
-- Indexes for table `access_log`
--
ALTER TABLE `access_log`
  ADD PRIMARY KEY (`id`);

--
-- Indexes for table `device`
--
ALTER TABLE `device`
  ADD PRIMARY KEY (`device_id`);

--
-- Indexes for table `device_log`
--
ALTER TABLE `device_log`
  ADD PRIMARY KEY (`id`);

--
-- Indexes for table `device_type`
--
ALTER TABLE `device_type`
  ADD PRIMARY KEY (`id`);

--
-- Indexes for table `login_ticket`
--
ALTER TABLE `login_ticket`
  ADD PRIMARY KEY (`id`),
  ADD KEY `index_ticket` (`ticket`(20));

--
-- Indexes for table `model`
--
ALTER TABLE `model`
  ADD PRIMARY KEY (`id`);

--
-- Indexes for table `permission_application`
--
ALTER TABLE `permission_application`
  ADD PRIMARY KEY (`id`);

--
-- Indexes for table `room`
--
ALTER TABLE `room`
  ADD PRIMARY KEY (`id`);

--
-- Indexes for table `staff`
--
ALTER TABLE `staff`
  ADD PRIMARY KEY (`member_id`);

--
-- Indexes for table `user`
--
ALTER TABLE `user`
  ADD PRIMARY KEY (`id`),
  ADD KEY `index_username` (`username`(20)),
  ADD KEY `index_email` (`email`(20));

--
-- AUTO_INCREMENT for dumped tables
--

--
-- AUTO_INCREMENT for table `access_log`
--
ALTER TABLE `access_log`
  MODIFY `id` int(11) NOT NULL AUTO_INCREMENT,AUTO_INCREMENT=9;
--
-- AUTO_INCREMENT for table `device`
--
ALTER TABLE `device`
  MODIFY `device_id` int(11) NOT NULL AUTO_INCREMENT,AUTO_INCREMENT=31;
--
-- AUTO_INCREMENT for table `device_log`
--
ALTER TABLE `device_log`
  MODIFY `id` int(11) NOT NULL AUTO_INCREMENT,AUTO_INCREMENT=23;
--
-- AUTO_INCREMENT for table `device_type`
--
ALTER TABLE `device_type`
  MODIFY `id` int(11) NOT NULL AUTO_INCREMENT,AUTO_INCREMENT=17;
--
-- AUTO_INCREMENT for table `login_ticket`
--
ALTER TABLE `login_ticket`
  MODIFY `id` int(11) NOT NULL AUTO_INCREMENT,AUTO_INCREMENT=481;
--
-- AUTO_INCREMENT for table `model`
--
ALTER TABLE `model`
  MODIFY `id` int(11) NOT NULL AUTO_INCREMENT,AUTO_INCREMENT=15;
--
-- AUTO_INCREMENT for table `permission_application`
--
ALTER TABLE `permission_application`
  MODIFY `id` int(11) NOT NULL AUTO_INCREMENT,AUTO_INCREMENT=3;
--
-- AUTO_INCREMENT for table `staff`
--
ALTER TABLE `staff`
  MODIFY `member_id` int(10) NOT NULL AUTO_INCREMENT,AUTO_INCREMENT=23;
--
-- AUTO_INCREMENT for table `user`
--
ALTER TABLE `user`
  MODIFY `id` int(11) NOT NULL AUTO_INCREMENT,AUTO_INCREMENT=80;
/*!40101 SET CHARACTER_SET_CLIENT=@OLD_CHARACTER_SET_CLIENT */;
/*!40101 SET CHARACTER_SET_RESULTS=@OLD_CHARACTER_SET_RESULTS */;
/*!40101 SET COLLATION_CONNECTION=@OLD_COLLATION_CONNECTION */;
